<appaction uniquename="sa__MarkAttendence!a35029784cb74ad4932fbb2eaa9e1479!sa_EventManagement!sa_eventattendee!1">
  <appmoduleid>
    <uniquename>sa_EventManagement</uniquename>
  </appmoduleid>
  <buttonlabeltext default="Mark Attendence">
    <label description="Mark Attendence" languagecode="1033" />
  </buttonlabeltext>
  <context>1</context>
  <contextentity>
    <logicalname>sa_eventattendee</logicalname>
  </contextentity>
  <contextvalue>sa_eventattendee</contextvalue>
  <fonticon>AddTerritoryMember</fonticon>
  <hidden>0</hidden>
  <iscustomizable>1</iscustomizable>
  <isdisabled>0</isdisabled>
  <isgrouptitlehidden>0</isgrouptitlehidden>
  <location>1</location>
  <name>MarkAttendence!a35029784cb74ad4932fbb2eaa9e1479</name>
  <onclickeventformulacomponentlibraryid>
    <name>sa_eventmanagementdefaultcommandlibrary_bbbe5</name>
  </onclickeventformulacomponentlibraryid>
  <onclickeventformulacomponentname>b6e016bcbd2a4500807804a1e559f5fc</onclickeventformulacomponentname>
  <onclickeventformulafunctionname>OnSelect</onclickeventformulafunctionname>
  <onclickeventtype>1</onclickeventtype>
  <origin>0</origin>
  <sequence>1000100017.5000000000</sequence>
  <statecode>0</statecode>
  <statuscode>1</statuscode>
  <type>2</type>
  <visibilityformulacomponentlibraryid>
    <name>sa_eventmanagementdefaultcommandlibrary_bbbe5</name>
  </visibilityformulacomponentlibraryid>
  <visibilityformulacomponentname>b6e016bcbd2a4500807804a1e559f5fc</visibilityformulacomponentname>
  <visibilityformulafunctionname>Visible</visibilityformulafunctionname>
  <visibilitytype>1</visibilitytype>
</appaction>