<appaction uniquename="sa__DuplicateRecords!0863c75ad5d84f7fb014a2fef5652764!sa_EventManagement!sa_template!1">
  <appmoduleid>
    <uniquename>sa_EventManagement</uniquename>
  </appmoduleid>
  <buttonlabeltext default="Duplicate Records">
    <label description="Duplicate Records" languagecode="1033" />
  </buttonlabeltext>
  <context>1</context>
  <contextentity>
    <logicalname>sa_template</logicalname>
  </contextentity>
  <contextvalue>sa_template</contextvalue>
  <fonticon>BrowseCards</fonticon>
  <hidden>0</hidden>
  <iscustomizable>1</iscustomizable>
  <isdisabled>0</isdisabled>
  <isgrouptitlehidden>0</isgrouptitlehidden>
  <location>1</location>
  <name>DuplicateRecords!0863c75ad5d84f7fb014a2fef5652764</name>
  <onclickeventformulacomponentlibraryid>
    <name>sa_eventmanagementdefaultcommandlibrary_bbbe5</name>
  </onclickeventformulacomponentlibraryid>
  <onclickeventformulacomponentname>c61488b4218c47bfab5b905919bbcf86</onclickeventformulacomponentname>
  <onclickeventformulafunctionname>OnSelect</onclickeventformulafunctionname>
  <onclickeventtype>1</onclickeventtype>
  <origin>0</origin>
  <sequence>1000100010.0000000000</sequence>
  <statecode>0</statecode>
  <statuscode>1</statuscode>
  <type>0</type>
  <visibilityformulacomponentlibraryid>
    <name>sa_eventmanagementdefaultcommandlibrary_bbbe5</name>
  </visibilityformulacomponentlibraryid>
  <visibilityformulacomponentname>c61488b4218c47bfab5b905919bbcf86</visibilityformulacomponentname>
  <visibilityformulafunctionname>Visible</visibilityformulafunctionname>
  <visibilitytype>1</visibilitytype>
</appaction>