<appaction uniquename="sa__PublishEvent!df6e8e719a124129bd62207719465a26!sa_EventManagement!sa_event!0">
  <appmoduleid>
    <uniquename>sa_EventManagement</uniquename>
  </appmoduleid>
  <buttonlabeltext default="Publish Event">
    <label description="Publish Event" languagecode="1033" />
  </buttonlabeltext>
  <context>1</context>
  <contextentity>
    <logicalname>sa_event</logicalname>
  </contextentity>
  <contextvalue>sa_event</contextvalue>
  <fonticon>$clientsvg:FavoriteStarFill</fonticon>
  <hidden>0</hidden>
  <iscustomizable>1</iscustomizable>
  <isdisabled>0</isdisabled>
  <isgrouptitlehidden>0</isgrouptitlehidden>
  <location>0</location>
  <name>PublishEvent!df6e8e719a124129bd62207719465a26</name>
  <onclickeventjavascriptfunctionname>publishEvent</onclickeventjavascriptfunctionname>
  <onclickeventjavascriptparameters>[{"type":5}]</onclickeventjavascriptparameters>
  <onclickeventjavascriptwebresourceid>
    <webresourceid>25ecc0c5-993a-ee11-bdf4-002248595bba</webresourceid>
  </onclickeventjavascriptwebresourceid>
  <onclickeventtype>2</onclickeventtype>
  <origin>0</origin>
  <sequence>100100015.0000000000</sequence>
  <statecode>0</statecode>
  <statuscode>1</statuscode>
  <type>0</type>
  <visibilityformulacomponentlibraryid>
    <name>sa_eventmanagementdefaultcommandlibrary_bbbe5</name>
  </visibilityformulacomponentlibraryid>
  <visibilityformulacomponentname>b38f533a3cd8440f94c0ef9404b6c1f3</visibilityformulacomponentname>
  <visibilityformulafunctionname>Visible</visibilityformulafunctionname>
  <visibilitytype>1</visibilitytype>
</appaction>