{
  "properties": {
    "connectionReferences": {
      "shared_commondataserviceforapps": {
        "runtimeSource": "embedded",
        "connection": {
          "connectionReferenceLogicalName": "sa_sharedcommondataserviceforapps_df72c"
        },
        "api": {
          "name": "shared_commondataserviceforapps"
        }
      }
    },
    "definition": {
      "$schema": "https://schema.management.azure.com/providers/Microsoft.Logic/schemas/2016-06-01/workflowdefinition.json#",
      "contentVersion": "1.0.0.0",
      "parameters": {
        "$connections": {
          "defaultValue": {},
          "type": "Object"
        },
        "$authentication": {
          "defaultValue": {},
          "type": "SecureObject"
        }
      },
      "triggers": {
        "When_a_row_is_added,_modified_or_deleted": {
          "metadata": {
            "operationMetadataId": "49cc79f4-6cda-46e5-b27f-26d604112157"
          },
          "type": "OpenApiConnectionWebhook",
          "inputs": {
            "host": {
              "connectionName": "shared_commondataserviceforapps",
              "operationId": "SubscribeWebhookTrigger",
              "apiId": "/providers/Microsoft.PowerApps/apis/shared_commondataserviceforapps"
            },
            "parameters": {
              "subscriptionRequest/message": 3,
              "subscriptionRequest/entityname": "sa_event",
              "subscriptionRequest/scope": 4,
              "subscriptionRequest/filteringattributes": "sa_process",
              "subscriptionRequest/filterexpression": "sa_process eq 'Send Invites'"
            },
            "authentication": "@parameters('$authentication')"
          }
        }
      },
      "actions": {
        "Run_a_Child_Flow": {
          "runAfter": {},
          "metadata": {
            "operationMetadataId": "8d03ea36-a1d7-46c2-b1d4-993a6c169fa7"
          },
          "type": "Workflow",
          "inputs": {
            "host": {
              "workflowReferenceName": "ee8efbcf-1f3a-ee11-bdf4-002248595bba"
            },
            "body": {
              "text": "@triggerOutputs()?['body/sa_name']"
            }
          }
        },
        "Update_a_row": {
          "runAfter": {
            "Run_a_Child_Flow": [
              "Succeeded",
              "Failed",
              "Skipped",
              "TimedOut"
            ]
          },
          "metadata": {
            "operationMetadataId": "ccb79fec-6f3f-40f7-ba3d-25e21a11b3b3"
          },
          "type": "OpenApiConnection",
          "inputs": {
            "host": {
              "connectionName": "shared_commondataserviceforapps",
              "operationId": "UpdateRecord",
              "apiId": "/providers/Microsoft.PowerApps/apis/shared_commondataserviceforapps"
            },
            "parameters": {
              "entityName": "sa_events",
              "recordId": "@triggerOutputs()?['body/sa_eventid']",
              "item/sa_process": "None"
            },
            "authentication": "@parameters('$authentication')"
          }
        }
      }
    },
    "templateName": ""
  },
  "schemaVersion": "1.0.0.0"
}