{
  "properties": {
    "connectionReferences": {
      "shared_commondataserviceforapps": {
        "runtimeSource": "embedded",
        "connection": {
          "connectionReferenceLogicalName": "sa_sharedcommondataserviceforapps_df72c"
        },
        "api": {
          "name": "shared_commondataserviceforapps"
        }
      }
    },
    "definition": {
      "$schema": "https://schema.management.azure.com/providers/Microsoft.Logic/schemas/2016-06-01/workflowdefinition.json#",
      "contentVersion": "1.0.0.0",
      "parameters": {
        "$connections": {
          "defaultValue": {},
          "type": "Object"
        },
        "$authentication": {
          "defaultValue": {},
          "type": "SecureObject"
        }
      },
      "triggers": {
        "When_a_row_is_added,_modified_or_deleted": {
          "metadata": {
            "operationMetadataId": "10c2f329-dc87-430f-b6dd-0ad3798845c7"
          },
          "type": "OpenApiConnectionWebhook",
          "inputs": {
            "host": {
              "connectionName": "shared_commondataserviceforapps",
              "operationId": "SubscribeWebhookTrigger",
              "apiId": "/providers/Microsoft.PowerApps/apis/shared_commondataserviceforapps"
            },
            "parameters": {
              "subscriptionRequest/message": 3,
              "subscriptionRequest/entityname": "sa_eventattendee",
              "subscriptionRequest/scope": 4,
              "subscriptionRequest/filteringattributes": "sa_certificate",
              "subscriptionRequest/filterexpression": "sa_certificate eq 1"
            },
            "authentication": "@parameters('$authentication')"
          }
        }
      },
      "actions": {
        "HTTP": {
          "runAfter": {},
          "metadata": {
            "operationMetadataId": "bbbb3f99-702b-473d-995e-8e9ed3e9527b"
          },
          "type": "Http",
          "inputs": {
            "method": "GET",
            "uri": "https://prod-22.southeastasia.logic.azure.com:443/workflows/d6faead577cb474cbd1355b4a55a8013/triggers/manual/paths/invoke?api-version=2016-06-01&sp=%2Ftriggers%2Fmanual%2Frun&sv=1.0&sig=cEvz_fMJ99jMbU_eX6cQ_YnduqDhvN4MYDVUwtbaLxo",
            "headers": {
              "guid": "@triggerOutputs()?['body/sa_eventattendeeid']"
            }
          }
        }
      }
    },
    "templateName": null
  },
  "schemaVersion": "1.0.0.0"
}