<appaction uniquename="sa__DuplicateTemplate!2f50e37d14bb42fd8f9edda58bb2d089!sa_EventManagement!sa_template!0">
  <appmoduleid>
    <uniquename>sa_EventManagement</uniquename>
  </appmoduleid>
  <buttonlabeltext default="Duplicate Template">
    <label description="Duplicate Template" languagecode="1033" />
  </buttonlabeltext>
  <context>1</context>
  <contextentity>
    <logicalname>sa_template</logicalname>
  </contextentity>
  <contextvalue>sa_template</contextvalue>
  <fonticon>BrowseCards</fonticon>
  <hidden>0</hidden>
  <iscustomizable>1</iscustomizable>
  <isdisabled>0</isdisabled>
  <isgrouptitlehidden>0</isgrouptitlehidden>
  <location>0</location>
  <name>DuplicateTemplate!2f50e37d14bb42fd8f9edda58bb2d089</name>
  <onclickeventformulacomponentlibraryid>
    <name>sa_eventmanagementdefaultcommandlibrary_bbbe5</name>
  </onclickeventformulacomponentlibraryid>
  <onclickeventformulacomponentname>0d1979c16a8f42f3ab2eef6127c2f16f</onclickeventformulacomponentname>
  <onclickeventformulafunctionname>OnSelect</onclickeventformulafunctionname>
  <onclickeventtype>1</onclickeventtype>
  <origin>0</origin>
  <sequence>100100012.5000000000</sequence>
  <statecode>0</statecode>
  <statuscode>1</statuscode>
  <type>0</type>
  <visibilitytype>0</visibilitytype>
</appaction>