<appaction uniquename="sa__SendCertificate!a90a0c8f718a48dbb4f1812dfa2ff50e!sa_EventManagement!sa_eventattendee!1">
  <appmoduleid>
    <uniquename>sa_EventManagement</uniquename>
  </appmoduleid>
  <buttonlabeltext default="Send Certificate">
    <label description="Send Certificate" languagecode="1033" />
  </buttonlabeltext>
  <context>1</context>
  <contextentity>
    <logicalname>sa_eventattendee</logicalname>
  </contextentity>
  <contextvalue>sa_eventattendee</contextvalue>
  <fonticon>$clientsvg:Mail</fonticon>
  <hidden>0</hidden>
  <iscustomizable>1</iscustomizable>
  <isdisabled>0</isdisabled>
  <isgrouptitlehidden>0</isgrouptitlehidden>
  <location>1</location>
  <name>SendCertificate!a90a0c8f718a48dbb4f1812dfa2ff50e</name>
  <onclickeventjavascriptfunctionname>sendCertificate</onclickeventjavascriptfunctionname>
  <onclickeventjavascriptparameters>[{"type":5}]</onclickeventjavascriptparameters>
  <onclickeventjavascriptwebresourceid>
    <webresourceid>50d5ebb7-9b9c-4ae0-b215-b4c4fb1d90d1</webresourceid>
  </onclickeventjavascriptwebresourceid>
  <onclickeventtype>2</onclickeventtype>
  <origin>0</origin>
  <sequence>1000100010.0000000000</sequence>
  <statecode>0</statecode>
  <statuscode>1</statuscode>
  <type>0</type>
  <visibilityformulacomponentlibraryid>
    <name>sa_eventmanagementdefaultcommandlibrary_bbbe5</name>
  </visibilityformulacomponentlibraryid>
  <visibilityformulacomponentname>1fd51925a752459787d12cc615ec814a</visibilityformulacomponentname>
  <visibilityformulafunctionname>Visible</visibilityformulafunctionname>
  <visibilitytype>1</visibilitytype>
</appaction>