﻿<?xml version="1.0" encoding="utf-8"?>
<ImportExportXml version="9.2.23092.196" SolutionPackageVersion="9.2" languagecode="1033" generatedBy="CrmLive" xmlns:xsi="http://www.w3.org/2001/XMLSchema-instance">
  <SolutionManifest>
    <UniqueName>EventManagement</UniqueName>
    <LocalizedNames>
      <LocalizedName description="Event Management" languagecode="1033" />
    </LocalizedNames>
    <Descriptions />
    <Version>1.0.0.14</Version>
    <Managed>0</Managed>
    <Publisher>
      <UniqueName>Shaheer</UniqueName>
      <LocalizedNames>
        <LocalizedName description="Shaheer Ahmad" languagecode="1033" />
      </LocalizedNames>
      <Descriptions>
        <Description description="Shaheer" languagecode="1033" />
      </Descriptions>
      <EMailAddress>shaheer.ashraf@live.com</EMailAddress>
      <SupportingWebsiteUrl>shaheer365.blogspot.com</SupportingWebsiteUrl>
      <CustomizationPrefix>sa</CustomizationPrefix>
      <CustomizationOptionValuePrefix>12638</CustomizationOptionValuePrefix>
      <Addresses>
        <Address>
          <AddressNumber>1</AddressNumber>
          <AddressTypeCode>1</AddressTypeCode>
          <City>Faisalabad</City>
          <County xsi:nil="true"></County>
          <Country>Pakistan</Country>
          <Fax xsi:nil="true"></Fax>
          <FreightTermsCode xsi:nil="true"></FreightTermsCode>
          <ImportSequenceNumber xsi:nil="true"></ImportSequenceNumber>
          <Latitude xsi:nil="true"></Latitude>
          <Line1>67-A, Ghalib City</Line1>
          <Line2 xsi:nil="true"></Line2>
          <Line3 xsi:nil="true"></Line3>
          <Longitude xsi:nil="true"></Longitude>
          <Name xsi:nil="true"></Name>
          <PostalCode>38000</PostalCode>
          <PostOfficeBox xsi:nil="true"></PostOfficeBox>
          <PrimaryContactName xsi:nil="true"></PrimaryContactName>
          <ShippingMethodCode>1</ShippingMethodCode>
          <StateOrProvince>punjab</StateOrProvince>
          <Telephone1>+923041977660</Telephone1>
          <Telephone2 xsi:nil="true"></Telephone2>
          <Telephone3 xsi:nil="true"></Telephone3>
          <TimeZoneRuleVersionNumber xsi:nil="true"></TimeZoneRuleVersionNumber>
          <UPSZone xsi:nil="true"></UPSZone>
          <UTCOffset xsi:nil="true"></UTCOffset>
          <UTCConversionTimeZoneCode xsi:nil="true"></UTCConversionTimeZoneCode>
        </Address>
        <Address>
          <AddressNumber>2</AddressNumber>
          <AddressTypeCode>1</AddressTypeCode>
          <City xsi:nil="true"></City>
          <County xsi:nil="true"></County>
          <Country xsi:nil="true"></Country>
          <Fax xsi:nil="true"></Fax>
          <FreightTermsCode xsi:nil="true"></FreightTermsCode>
          <ImportSequenceNumber xsi:nil="true"></ImportSequenceNumber>
          <Latitude xsi:nil="true"></Latitude>
          <Line1 xsi:nil="true"></Line1>
          <Line2 xsi:nil="true"></Line2>
          <Line3 xsi:nil="true"></Line3>
          <Longitude xsi:nil="true"></Longitude>
          <Name xsi:nil="true"></Name>
          <PostalCode xsi:nil="true"></PostalCode>
          <PostOfficeBox xsi:nil="true"></PostOfficeBox>
          <PrimaryContactName xsi:nil="true"></PrimaryContactName>
          <ShippingMethodCode>1</ShippingMethodCode>
          <StateOrProvince xsi:nil="true"></StateOrProvince>
          <Telephone1 xsi:nil="true"></Telephone1>
          <Telephone2 xsi:nil="true"></Telephone2>
          <Telephone3 xsi:nil="true"></Telephone3>
          <TimeZoneRuleVersionNumber xsi:nil="true"></TimeZoneRuleVersionNumber>
          <UPSZone xsi:nil="true"></UPSZone>
          <UTCOffset xsi:nil="true"></UTCOffset>
          <UTCConversionTimeZoneCode xsi:nil="true"></UTCConversionTimeZoneCode>
        </Address>
      </Addresses>
    </Publisher>
    <RootComponents>
      <RootComponent type="1" schemaName="account" behavior="0" />
      <RootComponent type="1" schemaName="contact" behavior="2" />
      <RootComponent type="1" schemaName="sa_configuration" behavior="0" />
      <RootComponent type="1" schemaName="sa_event" behavior="0" />
      <RootComponent type="1" schemaName="sa_eventattendee" behavior="0" />
      <RootComponent type="1" schemaName="sa_supportrequest" behavior="0" />
      <RootComponent type="1" schemaName="sa_template" behavior="0" />
      <RootComponent type="29" id="{27b92670-163a-ee11-bdf4-002248595bba}" behavior="0" />
      <RootComponent type="29" id="{4096d446-263f-ee11-bdf3-002248595bba}" behavior="0" />
      <RootComponent type="29" id="{57eac9b0-873a-ee11-bdf4-002248595bba}" behavior="0" />
      <RootComponent type="29" id="{61581252-c641-ee11-be6d-002248595bba}" behavior="0" />
      <RootComponent type="29" id="{90346643-303b-ee11-bdf4-002248595bba}" behavior="0" />
      <RootComponent type="29" id="{934fc485-883d-ee11-bdf4-002248595bba}" behavior="0" />
      <RootComponent type="29" id="{97ff94cf-2d3d-ee11-bdf4-002248595bba}" behavior="0" />
      <RootComponent type="29" id="{a4566d6b-d640-ee11-be6d-002248595bba}" behavior="0" />
      <RootComponent type="29" id="{c979d29e-8b3a-ee11-bdf4-002248595bba}" behavior="0" />
      <RootComponent type="29" id="{df78cba5-783a-ee11-bdf4-002248595bba}" behavior="0" />
      <RootComponent type="29" id="{ee8efbcf-1f3a-ee11-bdf4-002248595bba}" behavior="0" />
      <RootComponent type="29" id="{fcf91e0f-9e3a-ee11-bdf4-002248595bba}" behavior="0" />
      <RootComponent type="300" schemaName="sa_eventmanagementdefaultcommandlibrary_bbbe5" behavior="0" />
      <RootComponent type="300" schemaName="sa_sharingcontent_aea1d" behavior="0" />
      <RootComponent type="431" schemaName="sa_event sa_evenimage" behavior="0" />
      <RootComponent type="432" schemaName="sa_event" behavior="0" />
      <RootComponent type="60" id="{b865f0d8-e13f-ee11-bdf3-002248595bba}" behavior="0" />
      <RootComponent type="61" schemaName="sa_aboutme" behavior="0" />
      <RootComponent type="61" schemaName="sa_customjslibrary" behavior="0" />
      <RootComponent type="61" schemaName="sa_welcomepage" behavior="0" />
      <RootComponent type="62" schemaName="sa_EventManagement" behavior="0" />
      <RootComponent type="80" schemaName="sa_EventManagement" behavior="0" />
    </RootComponents>
    <MissingDependencies>
      <MissingDependency>
        <Required type="1" schemaName="adx_invitation" displayName="Invitation" solution="PowerPages_RuntimeCore (1.0.2308.4)">
          <package>PowerPages_Core (1.0.2309.63)</package>
        </Required>
        <Dependent type="1" schemaName="account" displayName="Account" />
      </MissingDependency>
      <MissingDependency>
        <Required type="10" schemaName="msa_account_managingpartner" displayName="msa_account_managingpartner" parentSchemaName="account" parentDisplayName="Account" solution="PowerPages_RuntimeCoreDependencies (1.0.2305.1)">
          <package>PowerPages_Core (1.0.2309.63)</package>
        </Required>
        <Dependent type="10" schemaName="msa_account_managingpartner" displayName="msa_account_managingpartner" parentSchemaName="account" parentDisplayName="Account" />
      </MissingDependency>
      <MissingDependency>
        <Required type="10" schemaName="powerpagecomponent_mspp_webrole_account" displayName="powerpagecomponent_mspp_webrole_account" parentSchemaName="powerpagecomponent" parentDisplayName="Site Component" solution="PowerPages_RuntimeExtensions (1.0.2308.1)">
          <package>PowerPages_Core (1.0.2309.63)</package>
        </Required>
        <Dependent type="10" schemaName="powerpagecomponent_mspp_webrole_account" displayName="powerpagecomponent_mspp_webrole_account" parentSchemaName="powerpagecomponent" parentDisplayName="Site Component" />
      </MissingDependency>
      <MissingDependency>
        <Required type="2" schemaName="msa_managingpartnerid" displayName="Managing Partner" parentSchemaName="account" parentDisplayName="Account" solution="PowerPages_RuntimeCoreDependencies (1.0.2305.1)">
          <package>PowerPages_Core (1.0.2309.63)</package>
        </Required>
        <Dependent type="10" schemaName="msa_account_managingpartner" displayName="msa_account_managingpartner" parentSchemaName="account" parentDisplayName="Account" />
      </MissingDependency>
      <MissingDependency>
        <Required type="60" displayName="account card" parentDisplayName="Account" solution="msdynce_AppCommon (9.0.4.0066)" id="{b028db32-3619-48a5-ac51-cf3f947b0ef3}">
          <package>msdynce_AppCommonAnchor (9.0.23093.10001)</package>
        </Required>
        <Dependent type="60" displayName="Information" parentDisplayName="Support Request" id="{f00687de-62a4-4d56-a44d-29c9737fb015}" />
      </MissingDependency>
      <MissingDependency>
        <Required type="60" displayName="Contact Quick Form" parentDisplayName="Contact" solution="msdynce_AppCommon (9.0.4.0066)" id="{bdb0ae1c-32fa-4374-b637-8dafe107bc44}">
          <package>msdynce_AppCommonAnchor (9.0.23093.10001)</package>
        </Required>
        <Dependent type="60" displayName="Information" parentDisplayName="Registration" id="{95b77407-d901-4904-8746-13d45e0cf2f6}" />
      </MissingDependency>
      <MissingDependency>
        <Required type="60" displayName="Contact Quick Form" parentDisplayName="Contact" solution="msdynce_AppCommon (9.0.4.0066)" id="{bdb0ae1c-32fa-4374-b637-8dafe107bc44}">
          <package>msdynce_AppCommonAnchor (9.0.23093.10001)</package>
        </Required>
        <Dependent type="60" displayName="Information" parentDisplayName="Support Request" id="{f00687de-62a4-4d56-a44d-29c9737fb015}" />
      </MissingDependency>
      <MissingDependency>
        <Required type="61" schemaName="msdyncrm_/KnowledgeSearch/Favorite.svg" displayName="msdyncrm_/KnowledgeSearch/Favorite.svg" solution="msdynce_KnowledgeManagementFeatures (9.0.23091.5020)">
          <package>msdynce_KnowledgeManagementAnchor (9.0.23091.5020)</package>
        </Required>
        <Dependent type="62" schemaName="sa_EventManagement" />
      </MissingDependency>
      <MissingDependency>
        <Required type="61" schemaName="mspp_publishing_state_transition_rules.svg" displayName="mspp_publishing_state_transition_rules.svg" solution="PowerPages_AppResources (1.0.2308.1)">
          <package>PowerPages_Core (1.0.2309.63)</package>
        </Required>
        <Dependent type="80" schemaName="sa_EventManagement" displayName="Event Management" />
      </MissingDependency>
      <MissingDependency>
        <Required type="66" schemaName="MscrmControls.ActivityCalendarControl.ActivityCalendarControl" displayName="MscrmControls.ActivityCalendarControl.ActivityCalendarControl" solution="msdyn_UCICalendar (1.0.0.3086)" />
        <Dependent type="60" displayName="Information" parentDisplayName="Event" id="{646af765-4292-4ce4-bc6a-fbfccae5113c}" />
      </MissingDependency>
      <MissingDependency>
        <Required type="66" schemaName="new_TemplateManager.GrapeJSTemplate" displayName="new_TemplateManager.GrapeJSTemplate" solution="Active" />
        <Dependent type="60" displayName="Information" parentDisplayName="Template" id="{c18b6fa1-0e87-4703-8fa2-a560d0c42053}" />
      </MissingDependency>
      <MissingDependency>
        <Required type="SettingDefinition" displayName="FluentThemingPreview" solution="msdyn_PowerAppsThemingSettings (1.0.0.10)" id.uniquename="FluentThemingPreview" />
        <Dependent type="AppSetting" displayName="parentappmoduleid.uniquename=sa_EventManagement,settingdefinitionid.uniquename=FluentThemingPreview" id.parentappmoduleid.uniquename="sa_EventManagement" id.settingdefinitionid.uniquename="FluentThemingPreview" />
      </MissingDependency>
    </MissingDependencies>
  </SolutionManifest>
</ImportExportXml>