<appaction uniquename="sa__NewGroup!00ef97d82e3343f3aee5241d2c14bdc5!sa_EventManagement!sa_eventattendee!1">
  <appmoduleid>
    <uniquename>sa_EventManagement</uniquename>
  </appmoduleid>
  <context>1</context>
  <contextentity>
    <logicalname>sa_eventattendee</logicalname>
  </contextentity>
  <contextvalue>sa_eventattendee</contextvalue>
  <grouptitle default="NewGroup">
    <label description="NewGroup" languagecode="1033" />
  </grouptitle>
  <hidden>0</hidden>
  <iscustomizable>1</iscustomizable>
  <isdisabled>0</isdisabled>
  <isgrouptitlehidden>0</isgrouptitlehidden>
  <location>1</location>
  <name>NewGroup!00ef97d82e3343f3aee5241d2c14bdc5</name>
  <onclickeventtype>0</onclickeventtype>
  <origin>0</origin>
  <parentappactionid>
    <uniquename>sa__MarkAttendence!a35029784cb74ad4932fbb2eaa9e1479!sa_EventManagement!sa_eventattendee!1</uniquename>
  </parentappactionid>
  <sequence>10000.0000000000</sequence>
  <statecode>0</statecode>
  <statuscode>1</statuscode>
  <type>3</type>
</appaction>