<appaction uniquename="sa__SendCertificates!3520ed0072f349e6bdcbd4e91fc0e0af!sa_EventManagement!sa_event!0">
  <appmoduleid>
    <uniquename>sa_EventManagement</uniquename>
  </appmoduleid>
  <buttonlabeltext default="Send Certificates">
    <label description="Send Certificates" languagecode="1033" />
  </buttonlabeltext>
  <context>1</context>
  <contextentity>
    <logicalname>sa_event</logicalname>
  </contextentity>
  <contextvalue>sa_event</contextvalue>
  <fonticon>SendEmail</fonticon>
  <hidden>0</hidden>
  <iscustomizable>1</iscustomizable>
  <isdisabled>0</isdisabled>
  <isgrouptitlehidden>0</isgrouptitlehidden>
  <location>0</location>
  <name>SendCertificates!3520ed0072f349e6bdcbd4e91fc0e0af</name>
  <onclickeventjavascriptfunctionname>sendCertificates</onclickeventjavascriptfunctionname>
  <onclickeventjavascriptparameters>[{"type":5}]</onclickeventjavascriptparameters>
  <onclickeventjavascriptwebresourceid>
    <webresourceid>25ecc0c5-993a-ee11-bdf4-002248595bba</webresourceid>
  </onclickeventjavascriptwebresourceid>
  <onclickeventtype>2</onclickeventtype>
  <origin>0</origin>
  <sequence>100100012.5781250000</sequence>
  <statecode>0</statecode>
  <statuscode>1</statuscode>
  <type>0</type>
  <visibilityformulacomponentlibraryid>
    <name>sa_eventmanagementdefaultcommandlibrary_bbbe5</name>
  </visibilityformulacomponentlibraryid>
  <visibilityformulacomponentname>766d7ea6dd424ee9994a1cb4a2e39ebd</visibilityformulacomponentname>
  <visibilityformulafunctionname>Visible</visibilityformulafunctionname>
  <visibilitytype>1</visibilitytype>
</appaction>