<appaction uniquename="sa__Attendence!30b53ce539f2452a8092ae7553cdcffe!sa_EventManagement!sa_eventattendee!0">
  <appmoduleid>
    <uniquename>sa_EventManagement</uniquename>
  </appmoduleid>
  <buttonlabeltext default="Attendence">
    <label description="Attendence" languagecode="1033" />
  </buttonlabeltext>
  <context>1</context>
  <contextentity>
    <logicalname>sa_eventattendee</logicalname>
  </contextentity>
  <contextvalue>sa_eventattendee</contextvalue>
  <fonticon>ConnectionToMe</fonticon>
  <hidden>0</hidden>
  <iscustomizable>1</iscustomizable>
  <isdisabled>0</isdisabled>
  <isgrouptitlehidden>0</isgrouptitlehidden>
  <location>0</location>
  <name>Attendence!30b53ce539f2452a8092ae7553cdcffe</name>
  <onclickeventtype>0</onclickeventtype>
  <origin>0</origin>
  <sequence>100100012.5000000000</sequence>
  <statecode>0</statecode>
  <statuscode>1</statuscode>
  <type>1</type>
  <visibilitytype>0</visibilitytype>
</appaction>